{"cameraMode":{"drawMode":0,"name":"Shaded","section":"Shading Mode"},"sceneLighting":false,"audioPlay":false,"sceneViewState":{"m_AlwaysRefresh":false,"showFog":true,"showSkybox":false,"showFlares":true,"showImageEffects":true,"showParticleSystems":true,"showVisualEffectGraphs":true,"m_FxEnabled":true},"in2DMode":false,"pivot":{"x":-0.021613121032714845,"y":2.056272029876709,"z":0.05236053466796875},"rotation":{"x":0.15136519074440003,"y":-0.7400253415107727,"z":0.1775708645582199,"w":0.6308131814002991},"size":3.493720769882202,"orthographic":false}