{"cameraMode":{"drawMode":0,"name":"Shaded","section":"Shading Mode"},"sceneLighting":false,"audioPlay":false,"sceneViewState":{"m_AlwaysRefresh":false,"showFog":true,"showSkybox":false,"showFlares":true,"showImageEffects":true,"showParticleSystems":true,"showVisualEffectGraphs":true,"m_FxEnabled":true},"in2DMode":false,"pivot":{"x":-0.11085879802703858,"y":0.8653054237365723,"z":-0.13161301612854005},"rotation":{"x":0.15136519074440003,"y":-0.7400253415107727,"z":0.1775708645582199,"w":0.6308131814002991},"size":1.824770212173462,"orthographic":false}